"Any","Codi_Districte","Nom_Districte","Codi_Barri","Nom_Barri","Preu_mitja_habitatge","Valor"
2018,1,"Ciutat Vella",1,"el Raval","Total. Milers d'euros",262.8
2018,1,"Ciutat Vella",2,"el Barri Gòtic","Total. Milers d'euros",541.6
2018,1,"Ciutat Vella",3,"la Barceloneta","Total. Milers d'euros",219.7
2018,1,"Ciutat Vella",4,"Sant Pere, Santa Caterina i la Ribera","Total. Milers d'euros",336.9
2018,2,"Eixample",5,"el Fort Pienc","Total. Milers d'euros",408.1
2018,2,"Eixample",6,"la Sagrada Família","Total. Milers d'euros",271.5
2018,2,"Eixample",7,"la Dreta de l'Eixample","Total. Milers d'euros",520.8
2018,2,"Eixample",8,"l'Antiga Esquerra de l'Eixample","Total. Milers d'euros",388
2018,2,"Eixample",9,"la Nova Esquerra de l'Eixample","Total. Milers d'euros",305
2018,2,"Eixample",10,"Sant Antoni","Total. Milers d'euros",285.9
2018,3,"Sants-Montjuïc",11,"el Poble Sec","Total. Milers d'euros",225.5
2018,3,"Sants-Montjuïc",12,"la Marina del Prat Vermell","Total. Milers d'euros",89.3
2018,3,"Sants-Montjuïc",13,"la Marina de Port","Total. Milers d'euros",193.3
2018,3,"Sants-Montjuïc",14,"la Font de la Guatlla","Total. Milers d'euros",301.9
2018,3,"Sants-Montjuïc",15,"Hostafrancs","Total. Milers d'euros",247.1
2018,3,"Sants-Montjuïc",16,"la Bordeta","Total. Milers d'euros",263.7
2018,3,"Sants-Montjuïc",17,"Sants - Badal","Total. Milers d'euros",234.4
2018,3,"Sants-Montjuïc",18,"Sants","Total. Milers d'euros",241.3
2018,4,"Les Corts",19,"les Corts","Total. Milers d'euros",383.4
2018,4,"Les Corts",20,"la Maternitat i Sant Ramon","Total. Milers d'euros",361.6
2018,4,"Les Corts",21,"Pedralbes","Total. Milers d'euros",1000.9
2018,5,"Sarrià-Sant Gervasi",22,"Vallvidrera, el Tibidabo i les Planes","Total. Milers d'euros",383.1
2018,5,"Sarrià-Sant Gervasi",23,"Sarrià","Total. Milers d'euros",692.7
2018,5,"Sarrià-Sant Gervasi",24,"les Tres Torres","Total. Milers d'euros",844.7
2018,5,"Sarrià-Sant Gervasi",25,"Sant Gervasi - la Bonanova","Total. Milers d'euros",652.5
2018,5,"Sarrià-Sant Gervasi",26,"Sant Gervasi - Galvany","Total. Milers d'euros",644.4
2018,5,"Sarrià-Sant Gervasi",27,"el Putxet i el Farró","Total. Milers d'euros",545.5
2018,6,"Gràcia",28,"Vallcarca i els Penitents","Total. Milers d'euros",293.6
2018,6,"Gràcia",29,"el Coll","Total. Milers d'euros",252.8
2018,6,"Gràcia",30,"la Salut","Total. Milers d'euros",320
2018,6,"Gràcia",31,"la Vila de Gràcia","Total. Milers d'euros",369.2
2018,6,"Gràcia",32,"el Camp d'en Grassot i Gràcia Nova","Total. Milers d'euros",362.3
2018,7,"Horta-Guinardó",33,"el Baix Guinardó","Total. Milers d'euros",290.5
2018,7,"Horta-Guinardó",34,"Can Baró","Total. Milers d'euros",212.7
2018,7,"Horta-Guinardó",35,"el Guinardó","Total. Milers d'euros",228
2018,7,"Horta-Guinardó",36,"la Font d'en Fargues","Total. Milers d'euros",302.5
2018,7,"Horta-Guinardó",37,"el Carmel","Total. Milers d'euros",158.9
2018,7,"Horta-Guinardó",38,"la Teixonera","Total. Milers d'euros",162.1
2018,7,"Horta-Guinardó",39,"Sant Genís dels Agudells","Total. Milers d'euros",162.3
2018,7,"Horta-Guinardó",40,"Montbau","Total. Milers d'euros",156.5
2018,7,"Horta-Guinardó",41,"la Vall d'Hebron","Total. Milers d'euros",240
2018,7,"Horta-Guinardó",42,"la Clota","Total. Milers d'euros",150.7
2018,7,"Horta-Guinardó",43,"Horta","Total. Milers d'euros",237.1
2018,8,"Nou Barris",44,"Vilapicina i la Torre Llobeta","Total. Milers d'euros",203.1
2018,8,"Nou Barris",45,"Porta","Total. Milers d'euros",159.9
2018,8,"Nou Barris",46,"el Turó de la Peira","Total. Milers d'euros",131.5
2018,8,"Nou Barris",47,"Can Peguera","Total. Milers d'euros",101.8
2018,8,"Nou Barris",48,"la Guineueta","Total. Milers d'euros",192
2018,8,"Nou Barris",49,"Canyelles","Total. Milers d'euros",155.1
2018,8,"Nou Barris",50,"les Roquetes","Total. Milers d'euros",178.1
2018,8,"Nou Barris",51,"Verdun","Total. Milers d'euros",136.2
2018,8,"Nou Barris",52,"la Prosperitat","Total. Milers d'euros",132.6
2018,8,"Nou Barris",53,"la Trinitat Nova","Total. Milers d'euros",85.9
2018,8,"Nou Barris",54,"Torre Baró","Total. Milers d'euros",82
2018,8,"Nou Barris",55,"Ciutat Meridiana","Total. Milers d'euros",89.5
2018,8,"Nou Barris",56,"Vallbona","Total. Milers d'euros",162.5
2018,9,"Sant Andreu",57,"la Trinitat Vella","Total. Milers d'euros",149.6
2018,9,"Sant Andreu",58,"Baró de Viver","Total. Milers d'euros",281.3
2018,9,"Sant Andreu",59,"el Bon Pastor","Total. Milers d'euros",157.2
2018,9,"Sant Andreu",60,"Sant Andreu","Total. Milers d'euros",221.9
2018,9,"Sant Andreu",61,"la Sagrera","Total. Milers d'euros",279.4
2018,9,"Sant Andreu",62,"el Congrés i els Indians","Total. Milers d'euros",190.9
2018,9,"Sant Andreu",63,"Navas","Total. Milers d'euros",388.4
2018,10,"Sant Martí",64,"el Camp de l'Arpa del Clot","Total. Milers d'euros",326.5
2018,10,"Sant Martí",65,"el Clot","Total. Milers d'euros",372.8
2018,10,"Sant Martí",66,"el Parc i la Llacuna del Poblenou","Total. Milers d'euros",286.7
2018,10,"Sant Martí",67,"la Vila Olímpica del Poblenou","Total. Milers d'euros",483.7
2018,10,"Sant Martí",68,"el Poblenou","Total. Milers d'euros",367
2018,10,"Sant Martí",69,"Diagonal Mar i el Front Marítim del Poblenou","Total. Milers d'euros",556.3
2018,10,"Sant Martí",70,"el Besòs i el Maresme","Total. Milers d'euros",227.9
2018,10,"Sant Martí",71,"Provençals del Poblenou","Total. Milers d'euros",270.1
2018,10,"Sant Martí",72,"Sant Martí de Provençals","Total. Milers d'euros",254
2018,10,"Sant Martí",73,"la Verneda i la Pau","Total. Milers d'euros",158.9
2018,1,"Ciutat Vella",1,"el Raval","Nou. Milers d'euros",525
2018,1,"Ciutat Vella",2,"el Barri Gòtic","Nou. Milers d'euros",1015.8
2018,1,"Ciutat Vella",3,"la Barceloneta","Nou. Milers d'euros",191.3
2018,1,"Ciutat Vella",4,"Sant Pere, Santa Caterina i la Ribera","Nou. Milers d'euros",485.6
2018,2,"Eixample",5,"el Fort Pienc","Nou. Milers d'euros",405.1
2018,2,"Eixample",6,"la Sagrada Família","Nou. Milers d'euros",NA
2018,2,"Eixample",7,"la Dreta de l'Eixample","Nou. Milers d'euros",271.5
2018,2,"Eixample",8,"l'Antiga Esquerra de l'Eixample","Nou. Milers d'euros",435
2018,2,"Eixample",9,"la Nova Esquerra de l'Eixample","Nou. Milers d'euros",270
2018,2,"Eixample",10,"Sant Antoni","Nou. Milers d'euros",246.7
2018,3,"Sants-Montjuïc",11,"el Poble Sec","Nou. Milers d'euros",NA
2018,3,"Sants-Montjuïc",12,"la Marina del Prat Vermell","Nou. Milers d'euros",NA
2018,3,"Sants-Montjuïc",13,"la Marina de Port","Nou. Milers d'euros",NA
2018,3,"Sants-Montjuïc",14,"la Font de la Guatlla","Nou. Milers d'euros",NA
2018,3,"Sants-Montjuïc",15,"Hostafrancs","Nou. Milers d'euros",281.4
2018,3,"Sants-Montjuïc",16,"la Bordeta","Nou. Milers d'euros",270
2018,3,"Sants-Montjuïc",17,"Sants - Badal","Nou. Milers d'euros",286.8
2018,3,"Sants-Montjuïc",18,"Sants","Nou. Milers d'euros",446.7
2018,4,"Les Corts",19,"les Corts","Nou. Milers d'euros",552.6
2018,4,"Les Corts",20,"la Maternitat i Sant Ramon","Nou. Milers d'euros",319.8
2018,4,"Les Corts",21,"Pedralbes","Nou. Milers d'euros",NA
2018,5,"Sarrià-Sant Gervasi",22,"Vallvidrera, el Tibidabo i les Planes","Nou. Milers d'euros",NA
2018,5,"Sarrià-Sant Gervasi",23,"Sarrià","Nou. Milers d'euros",854
2018,5,"Sarrià-Sant Gervasi",24,"les Tres Torres","Nou. Milers d'euros",NA
2018,5,"Sarrià-Sant Gervasi",25,"Sant Gervasi - la Bonanova","Nou. Milers d'euros",639
2018,5,"Sarrià-Sant Gervasi",26,"Sant Gervasi - Galvany","Nou. Milers d'euros",591.2
2018,5,"Sarrià-Sant Gervasi",27,"el Putxet i el Farró","Nou. Milers d'euros",561.8
2018,6,"Gràcia",28,"Vallcarca i els Penitents","Nou. Milers d'euros",361.1
2018,6,"Gràcia",29,"el Coll","Nou. Milers d'euros",184.4
2018,6,"Gràcia",30,"la Salut","Nou. Milers d'euros",NA
2018,6,"Gràcia",31,"la Vila de Gràcia","Nou. Milers d'euros",412.9
2018,6,"Gràcia",32,"el Camp d'en Grassot i Gràcia Nova","Nou. Milers d'euros",NA
2018,7,"Horta-Guinardó",33,"el Baix Guinardó","Nou. Milers d'euros",328.3
2018,7,"Horta-Guinardó",34,"Can Baró","Nou. Milers d'euros",NA
2018,7,"Horta-Guinardó",35,"el Guinardó","Nou. Milers d'euros",290.3
2018,7,"Horta-Guinardó",36,"la Font d'en Fargues","Nou. Milers d'euros",NA
2018,7,"Horta-Guinardó",37,"el Carmel","Nou. Milers d'euros",166.5
2018,7,"Horta-Guinardó",38,"la Teixonera","Nou. Milers d'euros",129.2
2018,7,"Horta-Guinardó",39,"Sant Genís dels Agudells","Nou. Milers d'euros",143
2018,7,"Horta-Guinardó",40,"Montbau","Nou. Milers d'euros",161.4
2018,7,"Horta-Guinardó",41,"la Vall d'Hebron","Nou. Milers d'euros",150
2018,7,"Horta-Guinardó",42,"la Clota","Nou. Milers d'euros",61.4
2018,7,"Horta-Guinardó",43,"Horta","Nou. Milers d'euros",225
2018,8,"Nou Barris",44,"Vilapicina i la Torre Llobeta","Nou. Milers d'euros",NA
2018,8,"Nou Barris",45,"Porta","Nou. Milers d'euros",NA
2018,8,"Nou Barris",46,"el Turó de la Peira","Nou. Milers d'euros",NA
2018,8,"Nou Barris",47,"Can Peguera","Nou. Milers d'euros",NA
2018,8,"Nou Barris",48,"la Guineueta","Nou. Milers d'euros",NA
2018,8,"Nou Barris",49,"Canyelles","Nou. Milers d'euros",NA
2018,8,"Nou Barris",50,"les Roquetes","Nou. Milers d'euros",NA
2018,8,"Nou Barris",51,"Verdun","Nou. Milers d'euros",NA
2018,8,"Nou Barris",52,"la Prosperitat","Nou. Milers d'euros",NA
2018,8,"Nou Barris",53,"la Trinitat Nova","Nou. Milers d'euros",NA
2018,8,"Nou Barris",54,"Torre Baró","Nou. Milers d'euros",NA
2018,8,"Nou Barris",55,"Ciutat Meridiana","Nou. Milers d'euros",NA
2018,8,"Nou Barris",56,"Vallbona","Nou. Milers d'euros",NA
2018,9,"Sant Andreu",57,"la Trinitat Vella","Nou. Milers d'euros",NA
2018,9,"Sant Andreu",58,"Baró de Viver","Nou. Milers d'euros",NA
2018,9,"Sant Andreu",59,"el Bon Pastor","Nou. Milers d'euros",211.1
2018,9,"Sant Andreu",60,"Sant Andreu","Nou. Milers d'euros",379.7
2018,9,"Sant Andreu",61,"la Sagrera","Nou. Milers d'euros",NA
2018,9,"Sant Andreu",62,"el Congrés i els Indians","Nou. Milers d'euros",155.5
2018,9,"Sant Andreu",63,"Navas","Nou. Milers d'euros",259.8
2018,10,"Sant Martí",64,"el Camp de l'Arpa del Clot","Nou. Milers d'euros",430.8
2018,10,"Sant Martí",65,"el Clot","Nou. Milers d'euros",516.5
2018,10,"Sant Martí",66,"el Parc i la Llacuna del Poblenou","Nou. Milers d'euros",NA
2018,10,"Sant Martí",67,"la Vila Olímpica del Poblenou","Nou. Milers d'euros",NA
2018,10,"Sant Martí",68,"el Poblenou","Nou. Milers d'euros",427.3
2018,10,"Sant Martí",69,"Diagonal Mar i el Front Marítim del Poblenou","Nou. Milers d'euros",NA
2018,10,"Sant Martí",70,"el Besòs i el Maresme","Nou. Milers d'euros",355.1
2018,10,"Sant Martí",71,"Provençals del Poblenou","Nou. Milers d'euros",224.5
2018,10,"Sant Martí",72,"Sant Martí de Provençals","Nou. Milers d'euros",210
2018,10,"Sant Martí",73,"la Verneda i la Pau","Nou. Milers d'euros",133.1
2018,1,"Ciutat Vella",1,"el Raval","Usat. Milers d'euros",246.5
2018,1,"Ciutat Vella",2,"el Barri Gòtic","Usat. Milers d'euros",425
2018,1,"Ciutat Vella",3,"la Barceloneta","Usat. Milers d'euros",224.7
2018,1,"Ciutat Vella",4,"Sant Pere, Santa Caterina i la Ribera","Usat. Milers d'euros",323.8
2018,2,"Eixample",5,"el Fort Pienc","Usat. Milers d'euros",408.1
2018,2,"Eixample",6,"la Sagrada Família","Usat. Milers d'euros",271.5
2018,2,"Eixample",7,"la Dreta de l'Eixample","Usat. Milers d'euros",540.9
2018,2,"Eixample",8,"l'Antiga Esquerra de l'Eixample","Usat. Milers d'euros",382.8
2018,2,"Eixample",9,"la Nova Esquerra de l'Eixample","Usat. Milers d'euros",307.3
2018,2,"Eixample",10,"Sant Antoni","Usat. Milers d'euros",287.8
2018,3,"Sants-Montjuïc",11,"el Poble Sec","Usat. Milers d'euros",225.2
2018,3,"Sants-Montjuïc",12,"la Marina del Prat Vermell","Usat. Milers d'euros",89.3
2018,3,"Sants-Montjuïc",13,"la Marina de Port","Usat. Milers d'euros",193.3
2018,3,"Sants-Montjuïc",14,"la Font de la Guatlla","Usat. Milers d'euros",301.9
2018,3,"Sants-Montjuïc",15,"Hostafrancs","Usat. Milers d'euros",241.1
2018,3,"Sants-Montjuïc",16,"la Bordeta","Usat. Milers d'euros",228.6
2018,3,"Sants-Montjuïc",17,"Sants - Badal","Usat. Milers d'euros",215.6
2018,3,"Sants-Montjuïc",18,"Sants","Usat. Milers d'euros",231.3
2018,4,"Les Corts",19,"les Corts","Usat. Milers d'euros",363.9
2018,4,"Les Corts",20,"la Maternitat i Sant Ramon","Usat. Milers d'euros",367.1
2018,4,"Les Corts",21,"Pedralbes","Usat. Milers d'euros",990.9
2018,5,"Sarrià-Sant Gervasi",22,"Vallvidrera, el Tibidabo i les Planes","Usat. Milers d'euros",383.1
2018,5,"Sarrià-Sant Gervasi",23,"Sarrià","Usat. Milers d'euros",686.1
2018,5,"Sarrià-Sant Gervasi",24,"les Tres Torres","Usat. Milers d'euros",849.1
2018,5,"Sarrià-Sant Gervasi",25,"Sant Gervasi - la Bonanova","Usat. Milers d'euros",655.9
2018,5,"Sarrià-Sant Gervasi",26,"Sant Gervasi - Galvany","Usat. Milers d'euros",652.2
2018,5,"Sarrià-Sant Gervasi",27,"el Putxet i el Farró","Usat. Milers d'euros",541.3
2018,6,"Gràcia",28,"Vallcarca i els Penitents","Usat. Milers d'euros",277.5
2018,6,"Gràcia",29,"el Coll","Usat. Milers d'euros",262.5
2018,6,"Gràcia",30,"la Salut","Usat. Milers d'euros",316
2018,6,"Gràcia",31,"la Vila de Gràcia","Usat. Milers d'euros",365.8
2018,6,"Gràcia",32,"el Camp d'en Grassot i Gràcia Nova","Usat. Milers d'euros",362.3
2018,7,"Horta-Guinardó",33,"el Baix Guinardó","Usat. Milers d'euros",289.7
2018,7,"Horta-Guinardó",34,"Can Baró","Usat. Milers d'euros",212.7
2018,7,"Horta-Guinardó",35,"el Guinardó","Usat. Milers d'euros",225.1
2018,7,"Horta-Guinardó",36,"la Font d'en Fargues","Usat. Milers d'euros",302.5
2018,7,"Horta-Guinardó",37,"el Carmel","Usat. Milers d'euros",155.9
2018,7,"Horta-Guinardó",38,"la Teixonera","Usat. Milers d'euros",175.9
2018,7,"Horta-Guinardó",39,"Sant Genís dels Agudells","Usat. Milers d'euros",167.7
2018,7,"Horta-Guinardó",40,"Montbau","Usat. Milers d'euros",154.9
2018,7,"Horta-Guinardó",41,"la Vall d'Hebron","Usat. Milers d'euros",248.2
2018,7,"Horta-Guinardó",42,"la Clota","Usat. Milers d'euros",240
2018,7,"Horta-Guinardó",43,"Horta","Usat. Milers d'euros",240.9
2018,8,"Nou Barris",44,"Vilapicina i la Torre Llobeta","Usat. Milers d'euros",199.5
2018,8,"Nou Barris",45,"Porta","Usat. Milers d'euros",159.9
2018,8,"Nou Barris",46,"el Turó de la Peira","Usat. Milers d'euros",131.5
2018,8,"Nou Barris",47,"Can Peguera","Usat. Milers d'euros",101.8
2018,8,"Nou Barris",48,"la Guineueta","Usat. Milers d'euros",192
2018,8,"Nou Barris",49,"Canyelles","Usat. Milers d'euros",155.1
2018,8,"Nou Barris",50,"les Roquetes","Usat. Milers d'euros",178.1
2018,8,"Nou Barris",51,"Verdun","Usat. Milers d'euros",136.2
2018,8,"Nou Barris",52,"la Prosperitat","Usat. Milers d'euros",132.6
2018,8,"Nou Barris",53,"la Trinitat Nova","Usat. Milers d'euros",85.9
2018,8,"Nou Barris",54,"Torre Baró","Usat. Milers d'euros",82
2018,8,"Nou Barris",55,"Ciutat Meridiana","Usat. Milers d'euros",89.5
2018,8,"Nou Barris",56,"Vallbona","Usat. Milers d'euros",162.5
2018,9,"Sant Andreu",57,"la Trinitat Vella","Usat. Milers d'euros",149.6
2018,9,"Sant Andreu",58,"Baró de Viver","Usat. Milers d'euros",281.3
2018,9,"Sant Andreu",59,"el Bon Pastor","Usat. Milers d'euros",151.7
2018,9,"Sant Andreu",60,"Sant Andreu","Usat. Milers d'euros",214.5
2018,9,"Sant Andreu",61,"la Sagrera","Usat. Milers d'euros",279.4
2018,9,"Sant Andreu",62,"el Congrés i els Indians","Usat. Milers d'euros",200
2018,9,"Sant Andreu",63,"Navas","Usat. Milers d'euros",391.7
2018,10,"Sant Martí",64,"el Camp de l'Arpa del Clot","Usat. Milers d'euros",323.1
2018,10,"Sant Martí",65,"el Clot","Usat. Milers d'euros",362.9
2018,10,"Sant Martí",66,"el Parc i la Llacuna del Poblenou","Usat. Milers d'euros",286.7
2018,10,"Sant Martí",67,"la Vila Olímpica del Poblenou","Usat. Milers d'euros",483.7
2018,10,"Sant Martí",68,"el Poblenou","Usat. Milers d'euros",356.3
2018,10,"Sant Martí",69,"Diagonal Mar i el Front Marítim del Poblenou","Usat. Milers d'euros",556.3
2018,10,"Sant Martí",70,"el Besòs i el Maresme","Usat. Milers d'euros",219.6
2018,10,"Sant Martí",71,"Provençals del Poblenou","Usat. Milers d'euros",283.8
2018,10,"Sant Martí",72,"Sant Martí de Provençals","Usat. Milers d'euros",255
2018,10,"Sant Martí",73,"la Verneda i la Pau","Usat. Milers d'euros",160.4
2018,1,"Ciutat Vella",1,"el Raval","Total. Euros/m2 construït",3969.8
2018,1,"Ciutat Vella",2,"el Barri Gòtic","Total. Euros/m2 construït",5162.7
2018,1,"Ciutat Vella",3,"la Barceloneta","Total. Euros/m2 construït",4905.4
2018,1,"Ciutat Vella",4,"Sant Pere, Santa Caterina i la Ribera","Total. Euros/m2 construït",5169.4
2018,2,"Eixample",5,"el Fort Pienc","Total. Euros/m2 construït",4650.6
2018,2,"Eixample",6,"la Sagrada Família","Total. Euros/m2 construït",3833.1
2018,2,"Eixample",7,"la Dreta de l'Eixample","Total. Euros/m2 construït",4436.4
2018,2,"Eixample",8,"l'Antiga Esquerra de l'Eixample","Total. Euros/m2 construït",4503.3
2018,2,"Eixample",9,"la Nova Esquerra de l'Eixample","Total. Euros/m2 construït",4116.8
2018,2,"Eixample",10,"Sant Antoni","Total. Euros/m2 construït",4140.6
2018,3,"Sants-Montjuïc",11,"el Poble Sec","Total. Euros/m2 construït",3942.4
2018,3,"Sants-Montjuïc",12,"la Marina del Prat Vermell","Total. Euros/m2 construït",1087.5
2018,3,"Sants-Montjuïc",13,"la Marina de Port","Total. Euros/m2 construït",2961
2018,3,"Sants-Montjuïc",14,"la Font de la Guatlla","Total. Euros/m2 construït",3952.1
2018,3,"Sants-Montjuïc",15,"Hostafrancs","Total. Euros/m2 construït",3479.6
2018,3,"Sants-Montjuïc",16,"la Bordeta","Total. Euros/m2 construït",3495.2
2018,3,"Sants-Montjuïc",17,"Sants - Badal","Total. Euros/m2 construït",3607.6
2018,3,"Sants-Montjuïc",18,"Sants","Total. Euros/m2 construït",3230.4
2018,4,"Les Corts",19,"les Corts","Total. Euros/m2 construït",4361.2
2018,4,"Les Corts",20,"la Maternitat i Sant Ramon","Total. Euros/m2 construït",4367.3
2018,4,"Les Corts",21,"Pedralbes","Total. Euros/m2 construït",6276.5
2018,5,"Sarrià-Sant Gervasi",22,"Vallvidrera, el Tibidabo i les Planes","Total. Euros/m2 construït",3139.2
2018,5,"Sarrià-Sant Gervasi",23,"Sarrià","Total. Euros/m2 construït",5950.6
2018,5,"Sarrià-Sant Gervasi",24,"les Tres Torres","Total. Euros/m2 construït",6152.2
2018,5,"Sarrià-Sant Gervasi",25,"Sant Gervasi - la Bonanova","Total. Euros/m2 construït",5738
2018,5,"Sarrià-Sant Gervasi",26,"Sant Gervasi - Galvany","Total. Euros/m2 construït",5253.3
2018,5,"Sarrià-Sant Gervasi",27,"el Putxet i el Farró","Total. Euros/m2 construït",5313.2
2018,6,"Gràcia",28,"Vallcarca i els Penitents","Total. Euros/m2 construït",3775.1
2018,6,"Gràcia",29,"el Coll","Total. Euros/m2 construït",3487.3
2018,6,"Gràcia",30,"la Salut","Total. Euros/m2 construït",4217.8
2018,6,"Gràcia",31,"la Vila de Gràcia","Total. Euros/m2 construït",4722.1
2018,6,"Gràcia",32,"el Camp d'en Grassot i Gràcia Nova","Total. Euros/m2 construït",4330
2018,7,"Horta-Guinardó",33,"el Baix Guinardó","Total. Euros/m2 construït",4007.9
2018,7,"Horta-Guinardó",34,"Can Baró","Total. Euros/m2 construït",3266
2018,7,"Horta-Guinardó",35,"el Guinardó","Total. Euros/m2 construït",3005.2
2018,7,"Horta-Guinardó",36,"la Font d'en Fargues","Total. Euros/m2 construït",3436.8
2018,7,"Horta-Guinardó",37,"el Carmel","Total. Euros/m2 construït",2431.7
2018,7,"Horta-Guinardó",38,"la Teixonera","Total. Euros/m2 construït",2536.2
2018,7,"Horta-Guinardó",39,"Sant Genís dels Agudells","Total. Euros/m2 construït",2302.8
2018,7,"Horta-Guinardó",40,"Montbau","Total. Euros/m2 construït",2602.7
2018,7,"Horta-Guinardó",41,"la Vall d'Hebron","Total. Euros/m2 construït",3806.8
2018,7,"Horta-Guinardó",42,"la Clota","Total. Euros/m2 construït",1844.1
2018,7,"Horta-Guinardó",43,"Horta","Total. Euros/m2 construït",3092.9
2018,8,"Nou Barris",44,"Vilapicina i la Torre Llobeta","Total. Euros/m2 construït",2812.8
2018,8,"Nou Barris",45,"Porta","Total. Euros/m2 construït",2264.1
2018,8,"Nou Barris",46,"el Turó de la Peira","Total. Euros/m2 construït",2084.6
2018,8,"Nou Barris",47,"Can Peguera","Total. Euros/m2 construït",1542
2018,8,"Nou Barris",48,"la Guineueta","Total. Euros/m2 construït",2464.3
2018,8,"Nou Barris",49,"Canyelles","Total. Euros/m2 construït",2210.2
2018,8,"Nou Barris",50,"les Roquetes","Total. Euros/m2 construït",2726.5
2018,8,"Nou Barris",51,"Verdun","Total. Euros/m2 construït",2394.8
2018,8,"Nou Barris",52,"la Prosperitat","Total. Euros/m2 construït",2408.6
2018,8,"Nou Barris",53,"la Trinitat Nova","Total. Euros/m2 construït",1556.1
2018,8,"Nou Barris",54,"Torre Baró","Total. Euros/m2 construït",709.9
2018,8,"Nou Barris",55,"Ciutat Meridiana","Total. Euros/m2 construït",1552.2
2018,8,"Nou Barris",56,"Vallbona","Total. Euros/m2 construït",2160.7
2018,9,"Sant Andreu",57,"la Trinitat Vella","Total. Euros/m2 construït",2174.9
2018,9,"Sant Andreu",58,"Baró de Viver","Total. Euros/m2 construït",3196.1
2018,9,"Sant Andreu",59,"el Bon Pastor","Total. Euros/m2 construït",2313.9
2018,9,"Sant Andreu",60,"Sant Andreu","Total. Euros/m2 construït",3122.5
2018,9,"Sant Andreu",61,"la Sagrera","Total. Euros/m2 construït",3753.6
2018,9,"Sant Andreu",62,"el Congrés i els Indians","Total. Euros/m2 construït",2696
2018,9,"Sant Andreu",63,"Navas","Total. Euros/m2 construït",4546.6
2018,10,"Sant Martí",64,"el Camp de l'Arpa del Clot","Total. Euros/m2 construït",4063.6
2018,10,"Sant Martí",65,"el Clot","Total. Euros/m2 construït",4422.7
2018,10,"Sant Martí",66,"el Parc i la Llacuna del Poblenou","Total. Euros/m2 construït",3979
2018,10,"Sant Martí",67,"la Vila Olímpica del Poblenou","Total. Euros/m2 construït",4304
2018,10,"Sant Martí",68,"el Poblenou","Total. Euros/m2 construït",4371.4
2018,10,"Sant Martí",69,"Diagonal Mar i el Front Marítim del Poblenou","Total. Euros/m2 construït",5745.9
2018,10,"Sant Martí",70,"el Besòs i el Maresme","Total. Euros/m2 construït",3036
2018,10,"Sant Martí",71,"Provençals del Poblenou","Total. Euros/m2 construït",4037.3
2018,10,"Sant Martí",72,"Sant Martí de Provençals","Total. Euros/m2 construït",3369.5
2018,10,"Sant Martí",73,"la Verneda i la Pau","Total. Euros/m2 construït",2297.7
2018,1,"Ciutat Vella",1,"el Raval","Nou. Euros/m2 construït",7344.2
2018,1,"Ciutat Vella",2,"el Barri Gòtic","Nou. Euros/m2 construït",7234
2018,1,"Ciutat Vella",3,"la Barceloneta","Nou. Euros/m2 construït",4862.1
2018,1,"Ciutat Vella",4,"Sant Pere, Santa Caterina i la Ribera","Nou. Euros/m2 construït",9184.9
2018,2,"Eixample",5,"el Fort Pienc","Nou. Euros/m2 construït",4770.1
2018,2,"Eixample",6,"la Sagrada Família","Nou. Euros/m2 construït",NA
2018,2,"Eixample",7,"la Dreta de l'Eixample","Nou. Euros/m2 construït",3669.2
2018,2,"Eixample",8,"l'Antiga Esquerra de l'Eixample","Nou. Euros/m2 construït",4489.5
2018,2,"Eixample",9,"la Nova Esquerra de l'Eixample","Nou. Euros/m2 construït",3283.2
2018,2,"Eixample",10,"Sant Antoni","Nou. Euros/m2 construït",3412.4
2018,3,"Sants-Montjuïc",11,"el Poble Sec","Nou. Euros/m2 construït",NA
2018,3,"Sants-Montjuïc",12,"la Marina del Prat Vermell","Nou. Euros/m2 construït",NA
2018,3,"Sants-Montjuïc",13,"la Marina de Port","Nou. Euros/m2 construït",NA
2018,3,"Sants-Montjuïc",14,"la Font de la Guatlla","Nou. Euros/m2 construït",NA
2018,3,"Sants-Montjuïc",15,"Hostafrancs","Nou. Euros/m2 construït",3590.3
2018,3,"Sants-Montjuïc",16,"la Bordeta","Nou. Euros/m2 construït",3534.4
2018,3,"Sants-Montjuïc",17,"Sants - Badal","Nou. Euros/m2 construït",4582
2018,3,"Sants-Montjuïc",18,"Sants","Nou. Euros/m2 construït",4575.3
2018,4,"Les Corts",19,"les Corts","Nou. Euros/m2 construït",5896
2018,4,"Les Corts",20,"la Maternitat i Sant Ramon","Nou. Euros/m2 construït",5611.2
2018,4,"Les Corts",21,"Pedralbes","Nou. Euros/m2 construït",NA
2018,5,"Sarrià-Sant Gervasi",22,"Vallvidrera, el Tibidabo i les Planes","Nou. Euros/m2 construït",NA
2018,5,"Sarrià-Sant Gervasi",23,"Sarrià","Nou. Euros/m2 construït",4251.9
2018,5,"Sarrià-Sant Gervasi",24,"les Tres Torres","Nou. Euros/m2 construït",NA
2018,5,"Sarrià-Sant Gervasi",25,"Sant Gervasi - la Bonanova","Nou. Euros/m2 construït",6647.7
2018,5,"Sarrià-Sant Gervasi",26,"Sant Gervasi - Galvany","Nou. Euros/m2 construït",5198.8
2018,5,"Sarrià-Sant Gervasi",27,"el Putxet i el Farró","Nou. Euros/m2 construït",5754.6
2018,6,"Gràcia",28,"Vallcarca i els Penitents","Nou. Euros/m2 construït",3972.8
2018,6,"Gràcia",29,"el Coll","Nou. Euros/m2 construït",2743.6
2018,6,"Gràcia",30,"la Salut","Nou. Euros/m2 construït",NA
2018,6,"Gràcia",31,"la Vila de Gràcia","Nou. Euros/m2 construït",4757.1
2018,6,"Gràcia",32,"el Camp d'en Grassot i Gràcia Nova","Nou. Euros/m2 construït",NA
2018,7,"Horta-Guinardó",33,"el Baix Guinardó","Nou. Euros/m2 construït",5442.5
2018,7,"Horta-Guinardó",34,"Can Baró","Nou. Euros/m2 construït",NA
2018,7,"Horta-Guinardó",35,"el Guinardó","Nou. Euros/m2 construït",3130.2
2018,7,"Horta-Guinardó",36,"la Font d'en Fargues","Nou. Euros/m2 construït",NA
2018,7,"Horta-Guinardó",37,"el Carmel","Nou. Euros/m2 construït",2618
2018,7,"Horta-Guinardó",38,"la Teixonera","Nou. Euros/m2 construït",2218.1
2018,7,"Horta-Guinardó",39,"Sant Genís dels Agudells","Nou. Euros/m2 construït",1981.1
2018,7,"Horta-Guinardó",40,"Montbau","Nou. Euros/m2 construït",2690.4
2018,7,"Horta-Guinardó",41,"la Vall d'Hebron","Nou. Euros/m2 construït",2586.2
2018,7,"Horta-Guinardó",42,"la Clota","Nou. Euros/m2 construït",1076.8
2018,7,"Horta-Guinardó",43,"Horta","Nou. Euros/m2 construït",3137
2018,8,"Nou Barris",44,"Vilapicina i la Torre Llobeta","Nou. Euros/m2 construït",NA
2018,8,"Nou Barris",45,"Porta","Nou. Euros/m2 construït",NA
2018,8,"Nou Barris",46,"el Turó de la Peira","Nou. Euros/m2 construït",NA
2018,8,"Nou Barris",47,"Can Peguera","Nou. Euros/m2 construït",NA
2018,8,"Nou Barris",48,"la Guineueta","Nou. Euros/m2 construït",NA
2018,8,"Nou Barris",49,"Canyelles","Nou. Euros/m2 construït",NA
2018,8,"Nou Barris",50,"les Roquetes","Nou. Euros/m2 construït",NA
2018,8,"Nou Barris",51,"Verdun","Nou. Euros/m2 construït",NA
2018,8,"Nou Barris",52,"la Prosperitat","Nou. Euros/m2 construït",NA
2018,8,"Nou Barris",53,"la Trinitat Nova","Nou. Euros/m2 construït",NA
2018,8,"Nou Barris",54,"Torre Baró","Nou. Euros/m2 construït",NA
2018,8,"Nou Barris",55,"Ciutat Meridiana","Nou. Euros/m2 construït",NA
2018,8,"Nou Barris",56,"Vallbona","Nou. Euros/m2 construït",NA
2018,9,"Sant Andreu",57,"la Trinitat Vella","Nou. Euros/m2 construït",NA
2018,9,"Sant Andreu",58,"Baró de Viver","Nou. Euros/m2 construït",NA
2018,9,"Sant Andreu",59,"el Bon Pastor","Nou. Euros/m2 construït",3192.3
2018,9,"Sant Andreu",60,"Sant Andreu","Nou. Euros/m2 construït",5581.6
2018,9,"Sant Andreu",61,"la Sagrera","Nou. Euros/m2 construït",NA
2018,9,"Sant Andreu",62,"el Congrés i els Indians","Nou. Euros/m2 construït",1935.5
2018,9,"Sant Andreu",63,"Navas","Nou. Euros/m2 construït",4562.8
2018,10,"Sant Martí",64,"el Camp de l'Arpa del Clot","Nou. Euros/m2 construït",4725.4
2018,10,"Sant Martí",65,"el Clot","Nou. Euros/m2 construït",5298
2018,10,"Sant Martí",66,"el Parc i la Llacuna del Poblenou","Nou. Euros/m2 construït",NA
2018,10,"Sant Martí",67,"la Vila Olímpica del Poblenou","Nou. Euros/m2 construït",NA
2018,10,"Sant Martí",68,"el Poblenou","Nou. Euros/m2 construït",4708.8
2018,10,"Sant Martí",69,"Diagonal Mar i el Front Marítim del Poblenou","Nou. Euros/m2 construït",NA
2018,10,"Sant Martí",70,"el Besòs i el Maresme","Nou. Euros/m2 construït",3774.8
2018,10,"Sant Martí",71,"Provençals del Poblenou","Nou. Euros/m2 construït",3301
2018,10,"Sant Martí",72,"Sant Martí de Provençals","Nou. Euros/m2 construït",3853.5
2018,10,"Sant Martí",73,"la Verneda i la Pau","Nou. Euros/m2 construït",2290.1
2018,1,"Ciutat Vella",1,"el Raval","Usat. Euros/m2 construït",3759.5
2018,1,"Ciutat Vella",2,"el Barri Gòtic","Usat. Euros/m2 construït",4653.4
2018,1,"Ciutat Vella",3,"la Barceloneta","Usat. Euros/m2 construït",4913
2018,1,"Ciutat Vella",4,"Sant Pere, Santa Caterina i la Ribera","Usat. Euros/m2 construït",4816.4
2018,2,"Eixample",5,"el Fort Pienc","Usat. Euros/m2 construït",4648.8
2018,2,"Eixample",6,"la Sagrada Família","Usat. Euros/m2 construït",3833.1
2018,2,"Eixample",7,"la Dreta de l'Eixample","Usat. Euros/m2 construït",4498.1
2018,2,"Eixample",8,"l'Antiga Esquerra de l'Eixample","Usat. Euros/m2 construït",4504.8
2018,2,"Eixample",9,"la Nova Esquerra de l'Eixample","Usat. Euros/m2 construït",4169.9
2018,2,"Eixample",10,"Sant Antoni","Usat. Euros/m2 construït",4176.4
2018,3,"Sants-Montjuïc",11,"el Poble Sec","Usat. Euros/m2 construït",3950.5
2018,3,"Sants-Montjuïc",12,"la Marina del Prat Vermell","Usat. Euros/m2 construït",1087.5
2018,3,"Sants-Montjuïc",13,"la Marina de Port","Usat. Euros/m2 construït",2961
2018,3,"Sants-Montjuïc",14,"la Font de la Guatlla","Usat. Euros/m2 construït",3952.1
2018,3,"Sants-Montjuïc",15,"Hostafrancs","Usat. Euros/m2 construït",3460.3
2018,3,"Sants-Montjuïc",16,"la Bordeta","Usat. Euros/m2 construït",3277.7
2018,3,"Sants-Montjuïc",17,"Sants - Badal","Usat. Euros/m2 construït",3259.6
2018,3,"Sants-Montjuïc",18,"Sants","Usat. Euros/m2 construït",3165.3
2018,4,"Les Corts",19,"les Corts","Usat. Euros/m2 construït",4184.5
2018,4,"Les Corts",20,"la Maternitat i Sant Ramon","Usat. Euros/m2 construït",4201.4
2018,4,"Les Corts",21,"Pedralbes","Usat. Euros/m2 construït",6254.8
2018,5,"Sarrià-Sant Gervasi",22,"Vallvidrera, el Tibidabo i les Planes","Usat. Euros/m2 construït",3139.2
2018,5,"Sarrià-Sant Gervasi",23,"Sarrià","Usat. Euros/m2 construït",6020.2
2018,5,"Sarrià-Sant Gervasi",24,"les Tres Torres","Usat. Euros/m2 construït",6190
2018,5,"Sarrià-Sant Gervasi",25,"Sant Gervasi - la Bonanova","Usat. Euros/m2 construït",5509
2018,5,"Sarrià-Sant Gervasi",26,"Sant Gervasi - Galvany","Usat. Euros/m2 construït",5261.3
2018,5,"Sarrià-Sant Gervasi",27,"el Putxet i el Farró","Usat. Euros/m2 construït",5199.4
2018,6,"Gràcia",28,"Vallcarca i els Penitents","Usat. Euros/m2 construït",3728
2018,6,"Gràcia",29,"el Coll","Usat. Euros/m2 construït",3593.5
2018,6,"Gràcia",30,"la Salut","Usat. Euros/m2 construït",4201.8
2018,6,"Gràcia",31,"la Vila de Gràcia","Usat. Euros/m2 construït",4719.3
2018,6,"Gràcia",32,"el Camp d'en Grassot i Gràcia Nova","Usat. Euros/m2 construït",4330
2018,7,"Horta-Guinardó",33,"el Baix Guinardó","Usat. Euros/m2 construït",3978.8
2018,7,"Horta-Guinardó",34,"Can Baró","Usat. Euros/m2 construït",3266
2018,7,"Horta-Guinardó",35,"el Guinardó","Usat. Euros/m2 construït",2999.4
2018,7,"Horta-Guinardó",36,"la Font d'en Fargues","Usat. Euros/m2 construït",3436.8
2018,7,"Horta-Guinardó",37,"el Carmel","Usat. Euros/m2 construït",2359.7
2018,7,"Horta-Guinardó",38,"la Teixonera","Usat. Euros/m2 construït",2669.2
2018,7,"Horta-Guinardó",39,"Sant Genís dels Agudells","Usat. Euros/m2 construït",2392.1
2018,7,"Horta-Guinardó",40,"Montbau","Usat. Euros/m2 construït",2573.4
2018,7,"Horta-Guinardó",41,"la Vall d'Hebron","Usat. Euros/m2 construït",3917.8
2018,7,"Horta-Guinardó",42,"la Clota","Usat. Euros/m2 construït",2611.5
2018,7,"Horta-Guinardó",43,"Horta","Usat. Euros/m2 construït",3079.3
2018,8,"Nou Barris",44,"Vilapicina i la Torre Llobeta","Usat. Euros/m2 construït",2774.4
2018,8,"Nou Barris",45,"Porta","Usat. Euros/m2 construït",2264.1
2018,8,"Nou Barris",46,"el Turó de la Peira","Usat. Euros/m2 construït",2084.6
2018,8,"Nou Barris",47,"Can Peguera","Usat. Euros/m2 construït",1542
2018,8,"Nou Barris",48,"la Guineueta","Usat. Euros/m2 construït",2464.3
2018,8,"Nou Barris",49,"Canyelles","Usat. Euros/m2 construït",2210.2
2018,8,"Nou Barris",50,"les Roquetes","Usat. Euros/m2 construït",2726.5
2018,8,"Nou Barris",51,"Verdun","Usat. Euros/m2 construït",2394.8
2018,8,"Nou Barris",52,"la Prosperitat","Usat. Euros/m2 construït",2408.6
2018,8,"Nou Barris",53,"la Trinitat Nova","Usat. Euros/m2 construït",1556.1
2018,8,"Nou Barris",54,"Torre Baró","Usat. Euros/m2 construït",709.9
2018,8,"Nou Barris",55,"Ciutat Meridiana","Usat. Euros/m2 construït",1552.2
2018,8,"Nou Barris",56,"Vallbona","Usat. Euros/m2 construït",2160.7
2018,9,"Sant Andreu",57,"la Trinitat Vella","Usat. Euros/m2 construït",2174.9
2018,9,"Sant Andreu",58,"Baró de Viver","Usat. Euros/m2 construït",3196.1
2018,9,"Sant Andreu",59,"el Bon Pastor","Usat. Euros/m2 construït",2224.8
2018,9,"Sant Andreu",60,"Sant Andreu","Usat. Euros/m2 construït",3006.9
2018,9,"Sant Andreu",61,"la Sagrera","Usat. Euros/m2 construït",3753.6
2018,9,"Sant Andreu",62,"el Congrés i els Indians","Usat. Euros/m2 construït",2892.3
2018,9,"Sant Andreu",63,"Navas","Usat. Euros/m2 construït",4546.2
2018,10,"Sant Martí",64,"el Camp de l'Arpa del Clot","Usat. Euros/m2 construït",4042.3
2018,10,"Sant Martí",65,"el Clot","Usat. Euros/m2 construït",4362.9
2018,10,"Sant Martí",66,"el Parc i la Llacuna del Poblenou","Usat. Euros/m2 construït",3979
2018,10,"Sant Martí",67,"la Vila Olímpica del Poblenou","Usat. Euros/m2 construït",4304
2018,10,"Sant Martí",68,"el Poblenou","Usat. Euros/m2 construït",4311.4
2018,10,"Sant Martí",69,"Diagonal Mar i el Front Marítim del Poblenou","Usat. Euros/m2 construït",5745.9
2018,10,"Sant Martí",70,"el Besòs i el Maresme","Usat. Euros/m2 construït",2987.7
2018,10,"Sant Martí",71,"Provençals del Poblenou","Usat. Euros/m2 construït",4258.1
2018,10,"Sant Martí",72,"Sant Martí de Provençals","Usat. Euros/m2 construït",3358.2
2018,10,"Sant Martí",73,"la Verneda i la Pau","Usat. Euros/m2 construït",2298.1
